{"cameraMode":{"drawMode":0,"name":"Shaded","section":"Shading Mode"},"sceneLighting":true,"audioPlay":false,"sceneViewState":{"m_AlwaysRefresh":false,"showFog":true,"showSkybox":true,"showFlares":true,"showImageEffects":true,"showParticleSystems":true,"showVisualEffectGraphs":true,"m_FxEnabled":true},"in2DMode":false,"pivot":{"x":508.24322509765627,"y":381.68658447265627,"z":520.133056640625},"rotation":{"x":0.041971296072006229,"y":0.018879439681768419,"z":0.000782354676630348,"w":-0.9989539384841919},"size":645.9441528320313,"orthographic":false}